ELV Result,restaurant email dallas
ok,sammysofdallas@gmail.com
ok,afrikafusiondallas@gmail.com
ok,kolapips375@gmail.com
ok,mlcateringdallas@gmail.com
ok,southdallascafe@gmail.com
ok,kannysrestaurant10000@gmail.com
ok,sakhuuthaidallas@gmail.com
ok,townandcountrydallaspizza@gmail.com
ok,openmicdallas2023@gmail.com
ok,chefdanielgriffethdallas@gmail.com
ok,countymanners@gmail.com
ok,shannonmbartek@gmail.com
ok,thehandymanbymld@gmail.com
ok,bestofdallasgf@gmail.com
ok,tikkamasalamd@gmail.com
ok,eatindallas@gmail.com
ok,sixtomidnightrock@gmail.com
ok,doindallastx@gmail.com
ok,spicyandaroma@gmail.com
ok,brixbarbecue@gmail.com
ok,rsvp2aapcdallas@gmail.com
ok,thesundaytakeout@gmail.com
ok,contact.hm28@gmail.com
ok,mcclaryhillfarmconcerts@gmail.com
ok,chandigarhwaleus@gmail.com
ok,deepcreeklakepoa@gmail.com
ok,alonsoinnovation@gmail.com
ok,reedlimitedent@gmail.com
ok,listggthe@gmail.com
ok,rbqhrghen@gmail.com
ok,ghenalquino@gmail.com
ok,anelianm@gmail.com
ok,avnersamuel56@gmail.com
ok,ziprothk@gmail.com
ok,dustygoathomestead@gmail.com
ok,beach2beach727@gmail.com
ok,ffocas4pets@gmail.com
ok,missingphotocredit@gmail.com
ok,sarahbahari@gmail.com
ok,indianplace86@gmail.com
ok,naomi15@gmail.com
ok,marco.antonio992806@gmail.com
ok,chefalbanbesiri@gmail.com
ok,barnbellyburgers@gmail.com
ok,gardencafetx@gmail.com
ok,danielpwalker22@gmail.com
ok,partywithellabsrestaurant@gmail.com
ok,twoguysfromitalydallas@gmail.com
ok,dallasbychocolate@gmail.com
ok,spicyzestkitchen@gmail.com
ok,GenrousHearts@gmail.com
ok,hyderabadhousefw@gmail.com
ok,sheeatsdallas@gmail.com
ok,suzy.medina2005@gmail.com
ok,Kravehaventeam@gmail.com
ok,andreas.restaurant1@gmail.com
ok,karahiboysdallas@gmail.com
ok,lisassoulfoodcafe@gmail.com
ok,dallaseatandplay@gmail.com
ok,allisondavidphotography@gmail.com
ok,chaatbhavancatering@gmail.com
ok,pastelpixelsphotography@gmail.com
ok,officialchefoverthatop@gmail.com
ok,curtislergner@gmail.com
ok,inhomewine4you@gmail.com
ok,donamariamex@gmail.com
ok,floridasupperclubs@gmail.com
ok,lindab0707@gmail.com
ok,tasteofeuropetexas@gmail.com
ok,drfranharris@gmail.com
ok,skerrigan0205@gmail.com
ok,christinalyncha1@gmail.com
