Business Name,Email,Phone Number,Address,Rating,Reviews,Website,Google Maps Link,Business Type,Location
"Texas Best Plumbing And Services LLC","N/A","+1 713-429-5454","105 S Friendswood Dr #107, Friendswood, TX 77546, United States","4.9","4.9 stars ","https://texasbestplumbing.com/","https://www.google.com/maps/place/Texas+Best+Plumbing+And+Services+LLC/@29.5332192,-95.2049552,17z/data=!3m1!4b1!4m6!3m5!1s0x864083256e8e6cf3:0xf20c2f0a86b11706!8m2!3d29.5332192!4d-95.2049552!16s%2Fg%2F11c5sx6pq6?authuser=0&hl=en&entry=ttu&g_ep=EgoyMDI1MTExNy4wIKXMDSoASAFQAw%3D%3D","plumbers","Texas, Usa"
"Texas Quality Plumbing","N/A","+1 713-385-0349","10814 Woodedge Dr, Houston, TX 77070, United States","4.8","4.8 stars ","https://www.texasqualityplumbing.com/?utm_source=google&utm_medium=organic&utm_campaign=local+listings","https://www.google.com/maps/place/Texas+Quality+Plumbing/@29.9448859,-95.5819948,17z/data=!3m1!4b1!4m6!3m5!1s0x8640cf8ed1518245:0xcaf0714169e78eff!8m2!3d29.9448859!4d-95.5819948!16s%2Fg%2F12vttv87g?authuser=0&hl=en&entry=ttu&g_ep=EgoyMDI1MTExNy4wIKXMDSoASAFQAw%3D%3D","plumbers","Texas, Usa"
"Texas Plumbing Solutions LLC","N/A","+1 214-418-4964","500 E Arapaho Rd STE 603, Richardson, TX 75081, United States","4.9","4.9 stars ","https://friscotxplumbers.com/","https://www.google.com/maps/place/Texas+Plumbing+Solutions+LLC/data=!4m7!3m6!1s0x864c1f1a7738f46f:0xf2a81b2d3fffa60!8m2!3d32.9575585!4d-96.7169903!16s%2Fg%2F11g870m1rl!19sChIJb_Q4dxofTIYRYPr_07KBKg8?authuser=0&hl=en&rclk=1","plumbers","Texas, Usa"
"Texas Master Plumber, LLC","N/A","+1 832-736-9561","203 W League City Pkwy, League City, TX 77573, United States","4.8","4.8 stars ","https://www.texasmasterplumberllc.com/","https://www.google.com/maps/place/Texas+Master+Plumber,+LLC/@29.49136,-95.0817894,17z/data=!3m1!4b1!4m6!3m5!1s0x864093dbbcf100d7:0x71f80bb06b544b81!8m2!3d29.49136!4d-95.0817894!16s%2Fg%2F12lrlbm_3?authuser=0&hl=en&entry=ttu&g_ep=EgoyMDI1MTExNy4wIKXMDSoASAFQAw%3D%3D","plumbers","Texas, Usa"
"Texas Plumbing Pros","brandon@txplumbingpros.com","+1 903-802-9839","322 N Gun Barrel Ln, Gun Barrel City, TX 75156, United States","4.9","4.9 stars ","http://www.txplumbingpros.com/","https://www.google.com/maps/place/Texas+Plumbing+Pros/@32.3341064,-96.1110733,17z/data=!3m1!4b1!4m6!3m5!1s0x8649247fdb48d381:0xe9032f2d0735b9e6!8m2!3d32.3341064!4d-96.1110733!16s%2Fg%2F11cm0j3v2_?authuser=0&hl=en&entry=ttu&g_ep=EgoyMDI1MTExNy4wIKXMDSoASAFQAw%3D%3D","plumbers","Texas, Usa"
"S.W.A.T Plumbing - Fort Worth, TX","N/A","+1 817-244-4370","9905 Camp Bowie W Blvd, Fort Worth, TX 76116, United States","4.6","4.6 stars ","https://www.swatplumbing.com/?utm_source=google&utm_medium=organic&utm_campaign=fort_worth_gbp","https://www.google.com/maps/place/S.W.A.T+Plumbing+-+Fort+Worth,+TX/@32.723605,-97.4978087,17z/data=!3m1!4b1!4m6!3m5!1s0x864e0d8e5e58fc75:0xec5657a35023429!8m2!3d32.723605!4d-97.4978087!16s%2Fg%2F11s0xc28_5?authuser=0&hl=en&entry=ttu&g_ep=EgoyMDI1MTExNy4wIKXMDSoASAFQAw%3D%3D","plumbers","Texas, Usa"
"Texas Plumbing And Backflow","N/A","+1 409-655-5230","2312 25th Ave N, Texas City, TX 77590, United States","4.7","4.7 stars ","http://texasplumbingandbackflow.com/","https://www.google.com/maps/place/Texas+Plumbing+And+Backflow/@29.4083381,-94.9286423,17z/data=!3m1!4b1!4m6!3m5!1s0x863f79c2ffe47ee7:0xf649317a67897fdb!8m2!3d29.4083381!4d-94.9286423!16s%2Fg%2F11c1sjwqwz?authuser=0&hl=en&entry=ttu&g_ep=EgoyMDI1MTExNy4wIKXMDSoASAFQAw%3D%3D","plumbers","Texas, Usa"
"Texas Plumbing","N/A","+1 713-478-5766","10111 Woodwind Dr, Houston, TX 77025, United States","4.7","4.7 stars ","https://www.texasplumbing911.com/","https://www.google.com/maps/place/Texas+Plumbing/@29.6727826,-95.4438626,17z/data=!3m1!4b1!4m6!3m5!1s0x8640eb2f4e55db4b:0xa079ebaf6e51f7dd!8m2!3d29.6727826!4d-95.4438626!16s%2Fg%2F11h6v1xv6l?authuser=0&hl=en&entry=ttu&g_ep=EgoyMDI1MTExNy4wIKXMDSoASAFQAw%3D%3D","plumbers","Texas, Usa"
"Texas Plumbers 1 LLC","texasplumbers40@yahoo.com","+1 512-298-3424","260 Onyx Lake Dr, Kyle, TX 78640, United States","4.7","4.7 stars ","http://texasplumbers1llc.com/","https://www.google.com/maps/place/Texas+Plumbers+1+LLC/@29.9993609,-97.8491837,17z/data=!3m1!4b1!4m6!3m5!1s0x865b555dcb160e05:0x4e68880b29439ca5!8m2!3d29.9993609!4d-97.8491837!16s%2Fg%2F11jvdsqfpw?authuser=0&hl=en&entry=ttu&g_ep=EgoyMDI1MTExNy4wIKXMDSoASAFQAw%3D%3D","plumbers","Texas, Usa"
"Reliant Plumbing","office@reliantplumbing.com","+1 512-222-6029","3841 Ranch Rd 620 S, Austin, TX 78738, United States","4.7","4.7 stars ","https://reliantplumbing.com/?utm_source=google&utm_medium=website&utm_campaign=hqgbp&utm_id=beecave-GBP","https://www.google.com/maps/place/Reliant+Plumbing/@30.3152328,-97.9479641,17z/data=!3m1!4b1!4m6!3m5!1s0x865b39e11ea35387:0xf58d36a1244154f1!8m2!3d30.3152328!4d-97.9479641!16s%2Fg%2F11dyzdw_jf?authuser=0&hl=en&entry=ttu&g_ep=EgoyMDI1MTExNy4wIKXMDSoASAFQAw%3D%3D","plumbers","Texas, Usa"