Business Name,Phone Number,Address,Rating,Reviews,Website,Email,Google Maps Link,Business Type,Location
"Hutong","+44 20 3011 1257","lvl 33, 31 St Thomas St, London SE1 9RY, United Kingdom","4.2","4.2 stars ","http://www.hutong.co.uk/","Dovile.kacinskaite@aqua-london.com","https://www.google.com/maps/place/Hutong/@51.50436,-0.0868155,17z/data=!3m1!4b1!4m6!3m5!1s0x48760350a1f45813:0x4e342dd3e310540d!8m2!3d51.50436!4d-0.0868155!16s%2Fg%2F12hs1kshd?authuser=0&hl=en&entry=ttu&g_ep=EgoyMDI1MTEyMy4xIKXMDSoASAFQAw%3D%3D","Restaurant","London, Uk"
"Fumo by San Carlo - London","+44 20 3778 0430","37 St Martin's Ln, London WC2N 4ER, United Kingdom","4.2","4.2 stars ","https://sancarlo.co.uk/restaurants/fumo-london/?utm_source=google&utm_medium=organic_gbp&utm_campaign=london","fumo.coventgarden@sancarlo.co.uk","https://www.google.com/maps/place/Fumo+by+San+Carlo+-+London/@51.5100791,-0.1267557,17z/data=!3m1!4b1!4m6!3m5!1s0x487604cdd0d803e3:0x4e673aa69b8602c!8m2!3d51.5100791!4d-0.1267557!16s%2Fg%2F11cs1vqkfn?authuser=0&hl=en&entry=ttu&g_ep=EgoyMDI1MTEyMy4xIKXMDSoASAFQAw%3D%3D","Restaurant","London, Uk"
"San Carlo - London","+44 20 7930 5933","2 Regent St., London SW1Y 4PE, United Kingdom","4.1","4.1 stars ","https://sancarlo.co.uk/restaurants/san-carlo-london/?utm_source=google&utm_medium=organic_gbp&utm_campaign=london","regentstreet@sancarlo.co.uk","https://www.google.com/maps/place/San+Carlo+-+London/@51.5081921,-0.1330234,17z/data=!3m1!4b1!4m6!3m5!1s0x48760525e0282145:0x841fc26bd190cd88!8m2!3d51.5081921!4d-0.1330234!16s%2Fg%2F11gh9p8tjy?authuser=0&hl=en&entry=ttu&g_ep=EgoyMDI1MTEyMy4xIKXMDSoASAFQAw%3D%3D","Restaurant","London, Uk"
"The Garden at Corinthia London","+44 20 7321 3012","10a Northumberland Ave, London SW1A 2BD, United Kingdom","4.3","4.3 stars ","https://www.corinthia.com/london/restaurants-bars/the-garden/?utm_source=gmb&utm_medium=seo&utm_campaign=gardenlisting","restaurants.london@corinthia.com","https://www.google.com/maps/place/The+Garden+at+Corinthia+London/@51.5066843,-0.1240672,17z/data=!3m1!4b1!4m6!3m5!1s0x487604cf22f71fcf:0x20953d083ea75790!8m2!3d51.5066843!4d-0.1240672!16s%2Fg%2F11dxlbz4cy?authuser=0&hl=en&entry=ttu&g_ep=EgoyMDI1MTEyMy4xIKXMDSoASAFQAw%3D%3D","Restaurant","London, Uk"
"Forty Dean Street","+44 20 7734 1853","40 Dean St, London W1D 4PX, United Kingdom","4.3","4.3 stars ","https://40deanstreet.com/?utm_source=local&utm_medium=organic&utm_campaign=gmb","info@fortydeanstreet.com","https://www.google.com/maps/place/Forty+Dean+Street/@51.513372,-0.1321231,17z/data=!3m1!4b1!4m6!3m5!1s0x487604d31ddf6267:0x464ecbe5b0357639!8m2!3d51.513372!4d-0.1321231!16s%2Fg%2F1tfvgpl4?authuser=0&hl=en&entry=ttu&g_ep=EgoyMDI1MTEyMy4xIKXMDSoASAFQAw%3D%3D","Restaurant","London, Uk"
"The Restaurant at Sanderson London","+44 20 7300 1400","50 Berners St, London W1T 3NG, United Kingdom","4.2","4.2 stars ","https://book.ennismore.com/hotels/originals/sanderson/dining/the-restaurant?utm_source=google-gmb&utm_medium=organic&utm_campaign=gmb","sndreservations@morgansoriginals.com","https://www.google.com/maps/place/The+Restaurant+at+Sanderson+London/@51.517401,-0.137113,17z/data=!3m1!4b1!4m6!3m5!1s0x48761b2b099c7045:0x28ab5c53ca5e14cb!8m2!3d51.517401!4d-0.137113!16s%2Fg%2F1vhkk0fr?authuser=0&hl=en&entry=ttu&g_ep=EgoyMDI1MTEyMy4xIKXMDSoASAFQAw%3D%3D","Restaurant","London, Uk"
"Souk","+44 20 7240 1796","27 Litchfield St, London WC2H 9NJ, United Kingdom","4.0","4.0 stars ","http://www.soukrestaurant.co.uk/","info@soukrestaurant.co.uk","https://www.google.com/maps/place/Souk/@51.5128782,-0.1283016,17z/data=!3m1!4b1!4m6!3m5!1s0x487604bac28330d5:0x65b3202b07032529!8m2!3d51.5128782!4d-0.1283016!16s%2Fg%2F1thsqv_1?authuser=0&hl=en&entry=ttu&g_ep=EgoyMDI1MTEyMy4xIKXMDSoASAFQAw%3D%3D","Restaurant","London, Uk"
"Little Italy","+44 7935 381405","5-8 Irving St, London WC2H 7AT, United Kingdom","3.9","3.9 stars ","https://littleitalydine.co.uk/","info@littleitalyuk.com","https://www.google.com/maps/place/Little+Italy/@51.5099816,-0.1288784,17z/data=!3m1!4b1!4m6!3m5!1s0x487604cd93d7253d:0xb51bb78196d93516!8m2!3d51.5099816!4d-0.1288784!16s%2Fg%2F11c75w__sr?authuser=0&hl=en&entry=ttu&g_ep=EgoyMDI1MTEyMy4xIKXMDSoASAFQAw%3D%3D","Restaurant","London, Uk"
"Mambow","N/A","78 Lower Clapton Rd, Lower Clapton, London E5 0RN, United Kingdom","4.3","4.3 stars ","https://www.mambow.co.uk/","info@mambow.co.uk","https://www.google.com/maps/place/Mambow/@51.5528436,-0.0527743,17z/data=!3m1!4b1!4m6!3m5!1s0x48761d861b1591c9:0xc148016c44c9b85!8m2!3d51.5528436!4d-0.0527743!16s%2Fg%2F11vf3nlmyp?authuser=0&hl=en&entry=ttu&g_ep=EgoyMDI1MTEyMy4xIKXMDSoASAFQAw%3D%3D","Restaurant","London, Uk"
"Mele e Pere","+44 20 7096 2096","46 Brewer St, London W1F 9NY, United Kingdom","4.3","4.3 stars ","http://www.meleepere.co.uk/","peter@meleepere.co.uk","https://www.google.com/maps/place/Mele+e+Pere/@51.5116302,-0.135598,17z/data=!3m1!4b1!4m6!3m5!1s0x487604d471c394e7:0x6ac31d7632ea7ad1!8m2!3d51.5116302!4d-0.135598!16s%2Fg%2F1hc5359hq?authuser=0&hl=en&entry=ttu&g_ep=EgoyMDI1MTEyMy4xIKXMDSoASAFQAw%3D%3D","Restaurant","London, Uk"
"Pivot Bar & Bistro","+44 7377 220955","3 Henrietta St, London WC2E 8LU, United Kingdom","4.3","4.3 stars ","https://pivotbarandbistro.com/","jobs@berberandq.com","https://www.google.com/maps/place/Pivot+Bar+%26+Bistro/@51.5113092,-0.1229626,17z/data=!3m1!4b1!4m6!3m5!1s0x48760559d162771b:0x3f95eadc6662030e!8m2!3d51.5113092!4d-0.1229626!16s%2Fg%2F11ng6786v6?authuser=0&hl=en&entry=ttu&g_ep=EgoyMDI1MTEyMy4xIKXMDSoASAFQAw%3D%3D","Restaurant","London, Uk"
"CÃ´te St Martin's Lane","+44 20 7379 9747","50-51 St Martin's Ln, London WC2N 4EA, United Kingdom","4.3","4.3 stars ","https://www.cote.co.uk/restaurant/st-martins-lane?utm_source=google&utm_medium=organic&utm_campaign=google+my+business","reviews@cote.co.uk","https://www.google.com/maps/place/C%C3%B4te+St+Martin's+Lane/@51.5107086,-0.126744,17z/data=!3m1!4b1!4m6!3m5!1s0x487604cdc9ad66f5:0x59b01a88a5ac2134!8m2!3d51.5107086!4d-0.126744!16s%2Fg%2F1tcwqm4b?authuser=0&hl=en&entry=ttu&g_ep=EgoyMDI1MTEyMy4xIKXMDSoASAFQAw%3D%3D","Restaurant","London, Uk"
"The Portrait Restaurant by Richard Corrigan","+44 20 3872 7610","2 St. Martin's Pl, London WC2H 0HE, United Kingdom","4.2","4.2 stars ","https://theportraitrestaurant.com/","reservations@theportraitrestaurant.co.uk","https://www.google.com/maps/place/The+Portrait+Restaurant+by+Richard+Corrigan/@51.509248,-0.1275639,17z/data=!3m1!4b1!4m6!3m5!1s0x487604ce09432b69:0xf7392d7f80f8c028!8m2!3d51.509248!4d-0.1275639!16s%2Fg%2F11t5_98fwh?authuser=0&hl=en&entry=ttu&g_ep=EgoyMDI1MTEyMy4xIKXMDSoASAFQAw%3D%3D","Restaurant","London, Uk"